{
  "mae": 3.32084975163613,
  "rmse": 4.7686263860452325,
  "r2_score": 0.9994179130101515,
  "accuracy_within_10_days": 97.18800957568608,
  "accuracy_within_5_days": 78.92308226069458,
  "test_samples": 57646
}