MAE,RMSE,R2,Accuracy_10d,Accuracy_5d,Mean_Error,Std_Error
1.6513983128604213,2.5602828245736036,0.9998476477603498,99.51113904602276,95.3697883930442,-0.002418490251175546,2.56028168229816
